{
    "MIN_LAT": 34.8955054,
    "MAX_LAT": 35.301761,
    "MIN_LON": 135.5617132,
    "MAX_LON": 135.8579904
}